worker_id,condition,rt,correct
s001,congruent,725.574074074074,1.0
s001,incongruent,861.0,1.0
s002,congruent,698.561403508772,1.0
s002,incongruent,809.5272727272727,1.0
s003,congruent,568.6333333333333,1.0
s003,incongruent,657.6379310344828,1.0
s004,congruent,716.3666666666667,1.0
s004,incongruent,823.4333333333333,1.0
s005,congruent,555.7166666666667,1.0
s005,incongruent,618.2542372881356,1.0
s006,congruent,743.4285714285714,1.0
s006,incongruent,836.5471698113207,1.0
s007,congruent,961.1454545454545,1.0
s007,incongruent,1030.5208333333333,1.0
s008,congruent,645.0862068965517,1.0
s008,incongruent,761.3333333333334,1.0
s009,congruent,727.6724137931035,1.0
s009,incongruent,838.4237288135594,1.0
s010,congruent,618.5666666666667,1.0
s010,incongruent,760.925925925926,1.0
s011,congruent,569.4333333333333,1.0
s011,incongruent,727.6271186440678,1.0
s012,congruent,756.6206896551724,1.0
s012,incongruent,907.8392857142857,1.0
s013,congruent,695.6949152542373,1.0
s013,incongruent,945.709090909091,1.0
s014,congruent,651.7118644067797,1.0
s014,incongruent,803.0172413793103,1.0
s015,congruent,641.0877192982456,1.0
s015,incongruent,802.8545454545455,1.0
s016,congruent,601.2833333333333,1.0
s016,incongruent,753.96,1.0
s017,congruent,666.0344827586207,1.0
s017,incongruent,890.2456140350877,1.0
s018,congruent,553.3559322033898,1.0
s018,incongruent,715.5254237288135,1.0
s019,congruent,715.9322033898305,1.0
s019,incongruent,923.4285714285714,1.0
s020,congruent,688.5964912280701,1.0
s020,incongruent,828.0,1.0
s021,congruent,953.4909090909091,1.0
s021,incongruent,1151.0263157894738,1.0
s023,congruent,636.2666666666667,1.0
s023,incongruent,729.5263157894736,1.0
s025,congruent,711.2,1.0
s025,incongruent,945.3684210526316,1.0
s026,congruent,592.8983050847457,1.0
s026,incongruent,693.3559322033898,1.0
s027,congruent,599.7796610169491,1.0
s027,incongruent,728.6833333333333,1.0
s028,congruent,610.7666666666667,1.0
s028,incongruent,653.1,1.0
s029,congruent,655.7857142857143,1.0
s029,incongruent,783.86,1.0
s030,congruent,622.6949152542373,1.0
s030,incongruent,764.2758620689655,1.0
s031,congruent,679.2033898305085,1.0
s031,incongruent,842.574074074074,1.0
s032,congruent,598.1,1.0
s032,incongruent,734.8474576271186,1.0
s033,congruent,906.2166666666667,1.0
s033,incongruent,1014.9607843137255,1.0
s034,congruent,654.7241379310345,1.0
s034,incongruent,819.8727272727273,1.0
s035,congruent,693.0172413793103,1.0
s035,incongruent,741.9491525423729,1.0
s036,congruent,589.290909090909,1.0
s036,incongruent,657.3103448275862,1.0
s037,congruent,596.425925925926,1.0
s037,incongruent,628.4255319148937,1.0
s038,congruent,535.3389830508474,1.0
s038,incongruent,610.0526315789474,1.0
s039,congruent,609.542372881356,1.0
s039,incongruent,759.9090909090909,1.0
s040,congruent,523.6833333333333,1.0
s040,incongruent,787.0555555555555,1.0
s041,congruent,691.5084745762712,1.0
s041,incongruent,779.2833333333333,1.0
s042,congruent,684.4833333333333,1.0
s042,incongruent,818.140350877193,1.0
s043,congruent,746.5636363636364,1.0
s043,incongruent,880.574074074074,1.0
s044,congruent,872.0,1.0
s044,incongruent,976.2641509433962,1.0
s046,congruent,678.1186440677966,1.0
s046,incongruent,806.3928571428571,1.0
s047,congruent,618.438596491228,1.0
s047,incongruent,751.7291666666666,1.0
s048,congruent,593.859649122807,1.0
s048,incongruent,629.4464285714286,1.0
s049,congruent,694.948275862069,1.0
s049,incongruent,737.0508474576271,1.0
s051,congruent,649.3508771929825,1.0
s051,incongruent,720.1666666666666,1.0
s052,congruent,618.45,1.0
s052,incongruent,755.1694915254237,1.0
s053,congruent,651.1864406779661,1.0
s053,incongruent,782.4406779661017,1.0
s054,congruent,684.271186440678,1.0
s054,incongruent,803.6315789473684,1.0
s055,congruent,645.1896551724138,1.0
s055,incongruent,696.7457627118644,1.0
s056,congruent,641.5932203389831,1.0
s056,incongruent,781.8518518518518,1.0
s057,congruent,650.25,1.0
s057,incongruent,778.7272727272727,1.0
s058,congruent,611.542372881356,1.0
s058,incongruent,733.4912280701755,1.0
s059,congruent,669.6379310344828,1.0
s059,incongruent,730.8421052631579,1.0
s060,congruent,517.1016949152543,1.0
s060,incongruent,555.3898305084746,1.0
s062,congruent,710.8305084745763,1.0
s062,incongruent,928.2542372881356,1.0
s063,congruent,547.2105263157895,1.0
s063,incongruent,629.2881355932203,1.0
s064,congruent,602.0526315789474,1.0
s064,incongruent,832.1551724137931,1.0
s065,congruent,781.0526315789474,1.0
s065,incongruent,948.952380952381,1.0
s066,congruent,785.1355932203389,1.0
s066,incongruent,1051.2280701754387,1.0
s067,congruent,714.6666666666666,1.0
s067,incongruent,760.6833333333333,1.0
s068,congruent,591.55,1.0
s068,incongruent,761.8965517241379,1.0
s069,congruent,644.9830508474577,1.0
s069,incongruent,697.7647058823529,1.0
s070,congruent,735.1896551724138,1.0
s070,incongruent,820.3050847457627,1.0
s071,congruent,956.5,1.0
s071,incongruent,997.8793103448276,1.0
s073,congruent,748.4745762711865,1.0
s073,incongruent,811.9375,1.0
s074,congruent,650.7966101694915,1.0
s074,incongruent,824.9137931034483,1.0
s075,congruent,750.9491525423729,1.0
s075,incongruent,961.719298245614,1.0
s076,congruent,619.9666666666667,1.0
s076,incongruent,816.8703703703703,1.0
s077,congruent,784.8620689655172,1.0
s077,incongruent,895.0175438596491,1.0
s078,congruent,765.6333333333333,1.0
s078,incongruent,911.4912280701755,1.0
s079,congruent,790.0178571428571,1.0
s079,incongruent,899.6964285714286,1.0
s080,congruent,743.5932203389831,1.0
s080,incongruent,785.4406779661017,1.0
s081,congruent,657.2586206896551,1.0
s081,incongruent,860.6,1.0
s082,congruent,673.3833333333333,1.0
s082,incongruent,711.7966101694915,1.0
s083,congruent,645.2068965517242,1.0
s083,incongruent,765.6851851851852,1.0
s084,congruent,556.5172413793103,1.0
s084,incongruent,762.0350877192982,1.0
s085,congruent,710.7666666666667,1.0
s085,incongruent,727.75,1.0
s086,congruent,927.8983050847457,1.0
s086,incongruent,1098.9591836734694,1.0
s087,congruent,709.2833333333333,1.0
s087,incongruent,956.2280701754386,1.0
s088,congruent,649.15,1.0
s088,incongruent,735.15,1.0
s089,congruent,824.6949152542373,1.0
s089,incongruent,1002.5471698113207,1.0
s090,congruent,657.2,1.0
s090,incongruent,903.1481481481482,1.0
s091,congruent,647.95,1.0
s091,incongruent,738.3333333333334,1.0
s092,congruent,657.4,1.0
s092,incongruent,798.68,1.0
s093,congruent,641.1333333333333,1.0
s093,incongruent,670.2631578947369,1.0
s094,congruent,500.01666666666665,1.0
s094,incongruent,589.8421052631579,1.0
s095,congruent,739.5762711864406,1.0
s095,incongruent,804.3793103448276,1.0
s096,congruent,723.3333333333334,1.0
s096,incongruent,822.5,1.0
s097,congruent,676.8333333333334,1.0
s097,incongruent,791.2105263157895,1.0
s098,congruent,800.6379310344828,1.0
s098,incongruent,885.8888888888889,1.0
s099,congruent,591.3275862068965,1.0
s099,incongruent,694.3333333333334,1.0
s100,congruent,760.5333333333333,1.0
s100,incongruent,833.6181818181818,1.0
s101,congruent,687.7333333333333,1.0
s101,incongruent,791.1724137931035,1.0
s102,congruent,607.3214285714286,1.0
s102,incongruent,624.1666666666666,1.0
s103,congruent,727.7166666666667,1.0
s103,incongruent,878.7894736842105,1.0
s105,congruent,740.9152542372881,1.0
s105,incongruent,839.2156862745098,1.0
s106,congruent,596.4310344827586,1.0
s106,incongruent,713.0877192982456,1.0
s107,congruent,691.5263157894736,1.0
s107,incongruent,761.140350877193,1.0
s108,congruent,738.5,1.0
s108,incongruent,825.542372881356,1.0
s109,congruent,835.3392857142857,1.0
s109,incongruent,966.0576923076923,1.0
s110,congruent,571.0535714285714,1.0
s110,incongruent,765.2745098039215,1.0
s111,congruent,691.5593220338983,1.0
s111,incongruent,781.4038461538462,1.0
s112,congruent,631.3666666666667,1.0
s112,incongruent,797.9322033898305,1.0
s113,congruent,560.9310344827586,1.0
s113,incongruent,616.0,1.0
s114,congruent,553.0166666666667,1.0
s114,incongruent,683.6833333333333,1.0
s115,congruent,568.9152542372881,1.0
s115,incongruent,653.9272727272727,1.0
s116,congruent,648.1666666666666,1.0
s116,incongruent,752.4827586206897,1.0
s117,congruent,622.2333333333333,1.0
s117,incongruent,766.64,1.0
s118,congruent,642.5357142857143,1.0
s118,incongruent,777.6851851851852,1.0
s119,congruent,713.3448275862069,1.0
s119,incongruent,867.1702127659574,1.0
s120,congruent,525.0727272727273,1.0
s120,incongruent,664.9787234042553,1.0
s121,congruent,703.0862068965517,1.0
s121,incongruent,841.2244897959183,1.0
s122,congruent,676.3220338983051,1.0
s122,incongruent,769.6610169491526,1.0
s123,congruent,562.7833333333333,1.0
s123,incongruent,693.9230769230769,1.0
s124,congruent,679.4,1.0
s124,incongruent,872.8813559322034,1.0
s125,congruent,719.4310344827586,1.0
s125,incongruent,891.4444444444445,1.0
s126,congruent,625.4166666666666,1.0
s126,incongruent,609.6964285714286,1.0
s127,congruent,648.457627118644,1.0
s127,incongruent,855.734693877551,1.0
s128,congruent,566.1694915254237,1.0
s128,incongruent,690.7142857142857,1.0
s129,congruent,705.1929824561404,1.0
s129,incongruent,848.8571428571429,1.0
s130,congruent,486.2542372881356,1.0
s130,incongruent,534.1964285714286,1.0
s131,congruent,901.24,1.0
s131,incongruent,1110.862745098039,1.0
s132,congruent,648.8983050847457,1.0
s132,incongruent,743.1896551724138,1.0
s133,congruent,582.3220338983051,1.0
s133,incongruent,743.3620689655172,1.0
s134,congruent,839.9833333333333,1.0
s134,incongruent,948.5090909090909,1.0
s135,congruent,746.1525423728814,1.0
s135,incongruent,807.7708333333334,1.0
s136,congruent,679.1166666666667,1.0
s136,incongruent,803.4067796610169,1.0
s138,congruent,559.3050847457627,1.0
s138,incongruent,679.5,1.0
s139,congruent,635.0166666666667,1.0
s139,incongruent,692.0535714285714,1.0
s140,congruent,642.75,1.0
s140,incongruent,797.5272727272727,1.0
s141,congruent,661.8983050847457,1.0
s141,incongruent,843.3584905660377,1.0
s142,congruent,587.9830508474577,1.0
s142,incongruent,726.25,1.0
s143,congruent,768.6379310344828,1.0
s143,incongruent,905.4473684210526,1.0
s144,congruent,606.2372881355932,1.0
s144,incongruent,623.1864406779661,1.0
s145,congruent,694.4827586206897,1.0
s145,incongruent,754.9130434782609,1.0
s146,congruent,790.9137931034483,1.0
s146,incongruent,863.4915254237288,1.0
s147,congruent,593.6166666666667,1.0
s147,incongruent,751.4909090909091,1.0
s149,congruent,776.2,1.0
s149,incongruent,875.1186440677966,1.0
s150,congruent,740.5689655172414,1.0
s150,incongruent,824.6140350877193,1.0
s151,congruent,617.9074074074074,1.0
s151,incongruent,663.0384615384615,1.0
s152,congruent,590.3333333333334,1.0
s152,incongruent,718.140350877193,1.0
s153,congruent,597.7966101694915,1.0
s153,incongruent,741.4528301886793,1.0
s154,congruent,729.5762711864406,1.0
s154,incongruent,864.3684210526316,1.0
s155,congruent,752.8928571428571,1.0
s155,incongruent,766.8947368421053,1.0
s156,congruent,640.3559322033898,1.0
s156,incongruent,756.2352941176471,1.0
s157,congruent,937.6949152542373,1.0
s157,incongruent,1122.6315789473683,1.0
s158,congruent,637.4745762711865,1.0
s158,incongruent,750.9310344827586,1.0
s160,congruent,608.6666666666666,1.0
s160,incongruent,744.074074074074,1.0
s161,congruent,797.8545454545455,1.0
s161,incongruent,859.8363636363637,1.0
s162,congruent,515.6166666666667,1.0
s162,incongruent,626.7413793103449,1.0
s163,congruent,1199.0727272727272,1.0
s163,incongruent,1214.862745098039,1.0
s165,congruent,847.1864406779661,1.0
s165,incongruent,970.4642857142857,1.0
s166,congruent,684.5964912280701,1.0
s166,incongruent,820.566037735849,1.0
s167,congruent,613.3898305084746,1.0
s167,incongruent,799.8867924528302,1.0
s168,congruent,541.15,1.0
s168,incongruent,683.2931034482758,1.0
s169,congruent,721.5689655172414,1.0
s169,incongruent,893.5964912280701,1.0
s170,congruent,735.0,1.0
s170,incongruent,940.1481481481482,1.0
s171,congruent,726.8833333333333,1.0
s171,incongruent,772.0350877192982,1.0
s172,congruent,710.8,1.0
s172,incongruent,923.0576923076923,1.0
s173,congruent,596.3103448275862,1.0
s173,incongruent,656.8793103448276,1.0
s174,congruent,991.7333333333333,1.0
s174,incongruent,1133.125,1.0
s175,congruent,637.3220338983051,1.0
s175,incongruent,663.6034482758621,1.0
s176,congruent,637.5254237288135,1.0
s176,incongruent,837.9074074074074,1.0
s177,congruent,617.2542372881356,1.0
s177,incongruent,753.4444444444445,1.0
s178,congruent,735.1186440677966,1.0
s178,incongruent,866.6909090909091,1.0
s179,congruent,649.728813559322,1.0
s179,incongruent,686.8518518518518,1.0
s180,congruent,736.0508474576271,1.0
s180,incongruent,899.3265306122449,1.0
s181,congruent,724.3818181818182,1.0
s181,incongruent,950.5681818181819,1.0
s182,congruent,736.8983050847457,1.0
s182,incongruent,843.1960784313726,1.0
s183,congruent,648.7457627118644,1.0
s183,incongruent,777.4827586206897,1.0
s184,congruent,628.6271186440678,1.0
s184,incongruent,665.6666666666666,1.0
s185,congruent,648.4166666666666,1.0
s185,incongruent,746.6315789473684,1.0
s186,congruent,638.7241379310345,1.0
s186,incongruent,784.6415094339623,1.0
s187,congruent,795.8,1.0
s187,incongruent,992.4827586206897,1.0
s188,congruent,545.8,1.0
s188,incongruent,662.9824561403509,1.0
s189,congruent,656.719298245614,1.0
s189,incongruent,721.8421052631579,1.0
s190,congruent,599.9491525423729,1.0
s190,incongruent,744.1034482758621,1.0
s191,congruent,757.6724137931035,1.0
s191,incongruent,912.4285714285714,1.0
s192,congruent,579.551724137931,1.0
s192,incongruent,678.6140350877193,1.0
s193,congruent,742.3833333333333,1.0
s193,incongruent,838.3103448275862,1.0
s194,congruent,631.551724137931,1.0
s194,incongruent,695.2033898305085,1.0
s195,congruent,674.6333333333333,1.0
s195,incongruent,734.1896551724138,1.0
s196,congruent,699.6206896551724,1.0
s196,incongruent,812.0877192982456,1.0
s197,congruent,745.8245614035088,1.0
s197,incongruent,835.8571428571429,1.0
s198,congruent,645.8620689655172,1.0
s198,incongruent,736.6491228070175,1.0
s199,congruent,547.55,1.0
s199,incongruent,676.3928571428571,1.0
s200,congruent,602.5862068965517,1.0
s200,incongruent,832.8490566037735,1.0
s201,congruent,692.4827586206897,1.0
s201,incongruent,831.551724137931,1.0
s202,congruent,587.1166666666667,1.0
s202,incongruent,708.9333333333333,1.0
s203,congruent,732.1724137931035,1.0
s203,incongruent,821.7446808510638,1.0
s204,congruent,615.5084745762712,1.0
s204,incongruent,792.1851851851852,1.0
s205,congruent,569.85,1.0
s205,incongruent,745.438596491228,1.0
s206,congruent,564.1016949152543,1.0
s206,incongruent,633.7222222222222,1.0
s207,congruent,563.8,1.0
s207,incongruent,633.0175438596491,1.0
s208,congruent,680.2881355932203,1.0
s208,incongruent,865.9473684210526,1.0
s209,congruent,601.1864406779661,1.0
s209,incongruent,789.9019607843137,1.0
s210,congruent,648.1166666666667,1.0
s210,incongruent,747.6491228070175,1.0
s211,congruent,768.4137931034483,1.0
s211,incongruent,889.72,1.0
s212,congruent,731.9333333333333,1.0
s212,incongruent,810.4736842105264,1.0
s213,congruent,662.7241379310345,1.0
s213,incongruent,796.68,1.0
s214,congruent,637.5666666666667,1.0
s214,incongruent,954.5172413793103,1.0
s215,congruent,767.9833333333333,1.0
s215,incongruent,955.5087719298245,1.0
s216,congruent,687.9811320754717,1.0
s216,incongruent,908.5357142857143,1.0
s217,congruent,705.3559322033898,1.0
s217,incongruent,821.1578947368421,1.0
s218,congruent,752.6607142857143,1.0
s218,incongruent,876.5652173913044,1.0
s219,congruent,704.7118644067797,1.0
s219,incongruent,771.7413793103449,1.0
s220,congruent,675.6833333333333,1.0
s220,incongruent,858.7358490566038,1.0
s221,congruent,587.8644067796611,1.0
s221,incongruent,645.95,1.0
s222,congruent,620.65,1.0
s222,incongruent,726.7678571428571,1.0
s223,congruent,736.8545454545455,1.0
s223,incongruent,868.0384615384615,1.0
s224,congruent,657.2962962962963,1.0
s224,incongruent,786.7142857142857,1.0
s225,congruent,705.3559322033898,1.0
s225,incongruent,854.9322033898305,1.0
s226,congruent,553.0333333333333,1.0
s226,incongruent,727.8421052631579,1.0
s227,congruent,520.2181818181818,1.0
s227,incongruent,589.6666666666666,1.0
s228,congruent,635.5084745762712,1.0
s228,incongruent,914.1,1.0
s229,congruent,550.3050847457627,1.0
s229,incongruent,698.140350877193,1.0
s230,congruent,624.7457627118644,1.0
s230,incongruent,773.719298245614,1.0
s231,congruent,725.7833333333333,1.0
s231,incongruent,808.5862068965517,1.0
s232,congruent,662.8214285714286,1.0
s232,incongruent,764.5344827586207,1.0
s233,congruent,762.9661016949152,1.0
s233,incongruent,1033.8,1.0
s234,congruent,715.2068965517242,1.0
s234,incongruent,933.6756756756756,1.0
s235,congruent,790.9642857142857,1.0
s235,incongruent,902.18,1.0
s236,congruent,660.948275862069,1.0
s236,incongruent,803.7636363636364,1.0
s237,congruent,624.3620689655172,1.0
s237,incongruent,773.3793103448276,1.0
s238,congruent,817.8103448275862,1.0
s238,incongruent,918.5686274509804,1.0
s239,congruent,622.5932203389831,1.0
s239,incongruent,846.3269230769231,1.0
s240,congruent,518.8421052631579,1.0
s240,incongruent,646.9629629629629,1.0
s241,congruent,623.8813559322034,1.0
s241,incongruent,749.4655172413793,1.0
s242,congruent,667.7818181818182,1.0
s242,incongruent,726.0769230769231,1.0
s243,congruent,626.3559322033898,1.0
s243,incongruent,770.7962962962963,1.0
s244,congruent,781.6949152542373,1.0
s244,incongruent,955.9649122807018,1.0
s245,congruent,691.6545454545454,1.0
s245,incongruent,837.9215686274509,1.0
s246,congruent,701.0169491525423,1.0
s246,incongruent,792.8166666666667,1.0
s247,congruent,817.7666666666667,1.0
s247,incongruent,955.0508474576271,1.0
s248,congruent,814.8965517241379,1.0
s248,incongruent,890.8363636363637,1.0
s249,congruent,734.5263157894736,1.0
s249,incongruent,861.2884615384615,1.0
s250,congruent,529.1355932203389,1.0
s250,incongruent,613.0909090909091,1.0
s251,congruent,737.6071428571429,1.0
s251,incongruent,981.469387755102,1.0
s252,congruent,497.27777777777777,1.0
s252,incongruent,567.7884615384615,1.0
s253,congruent,681.2666666666667,1.0
s253,incongruent,839.0925925925926,1.0
s254,congruent,574.3833333333333,1.0
s254,incongruent,726.5666666666667,1.0
s255,congruent,571.1833333333333,1.0
s255,incongruent,674.7457627118644,1.0
s256,congruent,664.9322033898305,1.0
s256,incongruent,748.4561403508771,1.0
s257,congruent,700.2333333333333,1.0
s257,incongruent,752.6896551724138,1.0
s258,congruent,683.0943396226415,1.0
s258,incongruent,835.74,1.0
s259,congruent,648.438596491228,1.0
s259,incongruent,850.0666666666667,1.0
s260,congruent,717.2666666666667,1.0
s260,incongruent,842.0508474576271,1.0
s261,congruent,745.8888888888889,1.0
s261,incongruent,817.3018867924528,1.0
s262,congruent,804.75,1.0
s262,incongruent,1020.3269230769231,1.0
s263,congruent,742.8571428571429,1.0
s263,incongruent,930.3333333333334,1.0
s264,congruent,770.4237288135594,1.0
s264,incongruent,937.2931034482758,1.0
s265,congruent,767.8305084745763,1.0
s265,incongruent,934.1578947368421,1.0
s266,congruent,708.7333333333333,1.0
s266,incongruent,814.5263157894736,1.0
s267,congruent,814.9830508474577,1.0
s267,incongruent,1038.921568627451,1.0
s268,congruent,653.2666666666667,1.0
s268,incongruent,822.9215686274509,1.0
s269,congruent,678.125,1.0
s269,incongruent,842.16,1.0
s270,congruent,581.3833333333333,1.0
s270,incongruent,807.0555555555555,1.0
s271,congruent,628.7833333333333,1.0
s271,incongruent,665.5689655172414,1.0
s272,congruent,791.0384615384615,1.0
s272,incongruent,940.4117647058823,1.0
s273,congruent,732.2,1.0
s273,incongruent,883.2372881355932,1.0
s274,congruent,554.9833333333333,1.0
s274,incongruent,654.1525423728814,1.0
s275,congruent,687.78,1.0
s275,incongruent,873.8888888888889,1.0
s276,congruent,588.8813559322034,1.0
s276,incongruent,678.7241379310345,1.0
s277,congruent,467.0689655172414,1.0
s277,incongruent,644.5686274509804,1.0
s278,congruent,546.3275862068965,1.0
s278,incongruent,587.9074074074074,1.0
s279,congruent,794.2222222222222,1.0
s279,incongruent,945.0980392156863,1.0
s280,congruent,740.95,1.0
s280,incongruent,828.2631578947369,1.0
s282,congruent,611.9615384615385,1.0
s282,incongruent,678.6666666666666,1.0
s283,congruent,749.8644067796611,1.0
s283,incongruent,903.4909090909091,1.0
s284,congruent,745.0526315789474,1.0
s284,incongruent,935.3018867924528,1.0
s285,congruent,867.0,1.0
s285,incongruent,1091.1929824561403,1.0
s286,congruent,778.5762711864406,1.0
s286,incongruent,888.6037735849056,1.0
s288,congruent,482.68333333333334,1.0
s288,incongruent,513.28,1.0
s289,congruent,686.9019607843137,1.0
s289,incongruent,789.2666666666667,1.0
s290,congruent,537.6779661016949,1.0
s290,incongruent,687.5416666666666,1.0
s291,congruent,743.2068965517242,1.0
s291,incongruent,774.9166666666666,1.0
s292,congruent,607.7966101694915,1.0
s292,incongruent,789.2931034482758,1.0
s293,congruent,573.45,1.0
s293,incongruent,670.8,1.0
s294,congruent,585.0689655172414,1.0
s294,incongruent,740.1929824561404,1.0
s295,congruent,661.75,1.0
s295,incongruent,748.25,1.0
s296,congruent,741.9661016949152,1.0
s296,incongruent,913.8474576271186,1.0
s297,congruent,624.2542372881356,1.0
s297,incongruent,781.0338983050848,1.0
s298,congruent,641.5166666666667,1.0
s298,incongruent,847.3272727272728,1.0
s299,congruent,732.3703703703703,1.0
s299,incongruent,801.68,1.0
s301,congruent,502.859649122807,1.0
s301,incongruent,555.9310344827586,1.0
s302,congruent,685.2666666666667,1.0
s302,incongruent,827.0178571428571,1.0
s303,congruent,762.843137254902,1.0
s303,incongruent,964.5294117647059,1.0
s304,congruent,827.8947368421053,1.0
s304,incongruent,970.1896551724138,1.0
s305,congruent,606.0166666666667,1.0
s305,incongruent,743.5714285714286,1.0
s307,congruent,511.1186440677966,1.0
s307,incongruent,623.6034482758621,1.0
s308,congruent,580.3103448275862,1.0
s308,incongruent,735.3090909090909,1.0
s309,congruent,661.8474576271186,1.0
s309,incongruent,756.4827586206897,1.0
s311,congruent,572.8983050847457,1.0
s311,incongruent,611.1724137931035,1.0
s312,congruent,673.6333333333333,1.0
s312,incongruent,751.45,1.0
s313,congruent,902.3666666666667,1.0
s313,incongruent,968.8421052631579,1.0
s314,congruent,801.7857142857143,1.0
s314,incongruent,953.2075471698113,1.0
s315,congruent,567.95,1.0
s315,incongruent,810.4615384615385,1.0
s316,congruent,703.9,1.0
s316,incongruent,806.6724137931035,1.0
s317,congruent,672.448275862069,1.0
s317,incongruent,739.1224489795918,1.0
s319,congruent,826.8965517241379,1.0
s319,incongruent,1046.5714285714287,1.0
s320,congruent,641.1754385964912,1.0
s320,incongruent,702.1754385964912,1.0
s321,congruent,530.9607843137255,1.0
s321,incongruent,608.1754385964912,1.0
s322,congruent,759.2203389830509,1.0
s322,incongruent,962.2068965517242,1.0
s323,congruent,678.45,1.0
s323,incongruent,785.6610169491526,1.0
s324,congruent,839.0666666666667,1.0
s324,incongruent,897.6166666666667,1.0
s325,congruent,730.2758620689655,1.0
s325,incongruent,941.2982456140351,1.0
s326,congruent,874.4655172413793,1.0
s326,incongruent,957.2456140350877,1.0
s327,congruent,585.3518518518518,1.0
s327,incongruent,635.0344827586207,1.0
s328,congruent,679.9152542372881,1.0
s328,incongruent,788.2592592592592,1.0
s329,congruent,620.05,1.0
s329,incongruent,862.76,1.0
s330,congruent,720.0,1.0
s330,incongruent,900.6727272727272,1.0
s331,congruent,600.1016949152543,1.0
s331,incongruent,830.1818181818181,1.0
s332,congruent,733.2372881355932,1.0
s332,incongruent,874.9433962264151,1.0
s333,congruent,741.7796610169491,1.0
s333,incongruent,890.7692307692307,1.0
s334,congruent,877.0166666666667,1.0
s334,incongruent,1053.7543859649122,1.0
s335,congruent,616.0508474576271,1.0
s335,incongruent,686.811320754717,1.0
s336,congruent,519.4655172413793,1.0
s336,incongruent,627.8,1.0
s337,congruent,557.3559322033898,1.0
s337,incongruent,774.8775510204082,1.0
s338,congruent,619.8166666666667,1.0
s338,incongruent,803.2413793103449,1.0
s339,congruent,756.4137931034483,1.0
s339,incongruent,811.5666666666667,1.0
s340,congruent,910.9491525423729,1.0
s340,incongruent,1016.3333333333334,1.0
s341,congruent,886.1228070175439,1.0
s341,incongruent,1156.6875,1.0
s342,congruent,805.5833333333334,1.0
s342,incongruent,953.2105263157895,1.0
s343,congruent,878.7592592592592,1.0
s343,incongruent,907.96,1.0
s344,congruent,587.0508474576271,1.0
s344,incongruent,734.2857142857143,1.0
s345,congruent,644.0,1.0
s345,incongruent,750.9777777777778,1.0
s346,congruent,847.2,1.0
s346,incongruent,955.8448275862069,1.0
s347,congruent,660.3898305084746,1.0
s347,incongruent,681.709090909091,1.0
s348,congruent,589.6666666666666,1.0
s348,incongruent,719.5918367346939,1.0
s349,congruent,635.9491525423729,1.0
s349,incongruent,817.76,1.0
s350,congruent,635.1754385964912,1.0
s350,incongruent,786.4,1.0
s351,congruent,613.1694915254237,1.0
s351,incongruent,713.6666666666666,1.0
s352,congruent,768.0877192982456,1.0
s352,incongruent,917.5,1.0
s353,congruent,1056.85,1.0
s353,incongruent,1127.3333333333333,1.0
s354,congruent,587.3392857142857,1.0
s354,incongruent,652.56,1.0
s355,congruent,772.4237288135594,1.0
s355,incongruent,918.4642857142857,1.0
s356,congruent,632.1333333333333,1.0
s356,incongruent,706.1296296296297,1.0
s357,congruent,635.9661016949152,1.0
s357,incongruent,712.6440677966102,1.0
s358,congruent,513.4333333333333,1.0
s358,incongruent,655.75,1.0
s359,congruent,660.2931034482758,1.0
s359,incongruent,818.566037735849,1.0
s360,congruent,602.8666666666667,1.0
s360,incongruent,651.7,1.0
s362,congruent,544.8,1.0
s362,incongruent,593.9333333333333,1.0
s363,congruent,762.9107142857143,1.0
s363,incongruent,858.7169811320755,1.0
s364,congruent,486.08620689655174,1.0
s364,incongruent,559.3859649122807,1.0
s365,congruent,637.1724137931035,1.0
s365,incongruent,661.3859649122807,1.0
s366,congruent,797.8035714285714,1.0
s366,incongruent,876.6037735849056,1.0
s368,congruent,614.2033898305085,1.0
s368,incongruent,763.4642857142857,1.0
s369,congruent,704.8363636363637,1.0
s369,incongruent,844.6041666666666,1.0
s370,congruent,622.4915254237288,1.0
s370,incongruent,754.8448275862069,1.0
s372,congruent,783.2542372881356,1.0
s372,incongruent,881.7166666666667,1.0
s373,congruent,837.4905660377359,1.0
s373,incongruent,931.1136363636364,1.0
s374,congruent,561.35,1.0
s374,incongruent,619.8983050847457,1.0
s375,congruent,762.35,1.0
s375,incongruent,958.0,1.0
s376,congruent,599.2881355932203,1.0
s376,incongruent,690.7,1.0
s377,congruent,636.5254237288135,1.0
s377,incongruent,804.1111111111111,1.0
s378,congruent,488.5833333333333,1.0
s378,incongruent,567.6896551724138,1.0
s379,congruent,665.8644067796611,1.0
s379,incongruent,783.7017543859649,1.0
s380,congruent,688.2881355932203,1.0
s380,incongruent,808.8245614035088,1.0
s381,congruent,586.6724137931035,1.0
s381,incongruent,632.0847457627119,1.0
s383,congruent,728.9166666666666,1.0
s383,incongruent,835.8653846153846,1.0
s384,congruent,563.1551724137931,1.0
s384,incongruent,642.1833333333333,1.0
s386,congruent,951.6833333333333,1.0
s386,incongruent,1170.8275862068965,1.0
s387,congruent,662.8833333333333,1.0
s387,incongruent,786.9818181818182,1.0
s388,congruent,708.5087719298245,1.0
s388,incongruent,929.7708333333334,1.0
s389,congruent,615.0666666666667,1.0
s389,incongruent,746.3389830508474,1.0
s390,congruent,571.5084745762712,1.0
s390,incongruent,663.1296296296297,1.0
s391,congruent,646.75,1.0
s391,incongruent,819.2708333333334,1.0
s392,congruent,707.6666666666666,1.0
s392,incongruent,828.95,1.0
s393,congruent,651.9,1.0
s393,incongruent,838.8260869565217,1.0
s394,congruent,578.5,1.0
s394,incongruent,694.7586206896551,1.0
s395,congruent,518.35,1.0
s395,incongruent,669.65,1.0
s396,congruent,586.448275862069,1.0
s396,incongruent,625.0172413793103,1.0
s397,congruent,733.8813559322034,1.0
s397,incongruent,819.4629629629629,1.0
s398,congruent,770.0,1.0
s398,incongruent,841.5434782608696,1.0
s399,congruent,721.7666666666667,1.0
s399,incongruent,842.2678571428571,1.0
s400,congruent,769.2456140350877,1.0
s400,incongruent,958.3725490196078,1.0
s401,congruent,580.6,1.0
s401,incongruent,633.4642857142857,1.0
s402,congruent,709.5087719298245,1.0
s402,incongruent,812.9607843137255,1.0
s403,congruent,738.7,1.0
s403,incongruent,809.9322033898305,1.0
s404,congruent,778.7166666666667,1.0
s404,incongruent,903.5272727272727,1.0
s405,congruent,679.8135593220339,1.0
s405,incongruent,772.2291666666666,1.0
s406,congruent,650.2222222222222,1.0
s406,incongruent,895.9019607843137,1.0
s407,congruent,680.9833333333333,1.0
s407,incongruent,806.3392857142857,1.0
s408,congruent,647.4745762711865,1.0
s408,incongruent,820.8679245283018,1.0
s409,congruent,746.2068965517242,1.0
s409,incongruent,996.5454545454545,1.0
s410,congruent,594.1864406779661,1.0
s410,incongruent,662.0350877192982,1.0
s411,congruent,666.15,1.0
s411,incongruent,771.5344827586207,1.0
s412,congruent,624.0350877192982,1.0
s412,incongruent,727.8636363636364,1.0
s413,congruent,577.8644067796611,1.0
s413,incongruent,653.7413793103449,1.0
s414,congruent,661.5666666666667,1.0
s414,incongruent,840.1272727272727,1.0
s415,congruent,641.2372881355932,1.0
s415,incongruent,763.8474576271186,1.0
s416,congruent,770.4406779661017,1.0
s416,incongruent,922.8928571428571,1.0
s418,congruent,570.4,1.0
s418,incongruent,630.2881355932203,1.0
s419,congruent,552.7333333333333,1.0
s419,incongruent,619.3220338983051,1.0
s420,congruent,676.6206896551724,1.0
s420,incongruent,817.8644067796611,1.0
s421,congruent,663.55,1.0
s421,incongruent,843.0689655172414,1.0
s422,congruent,620.2372881355932,1.0
s422,incongruent,715.4561403508771,1.0
s423,congruent,640.0166666666667,1.0
s423,incongruent,704.0175438596491,1.0
s424,congruent,615.7627118644068,1.0
s424,incongruent,739.9333333333333,1.0
s425,congruent,632.8333333333334,1.0
s425,incongruent,680.9166666666666,1.0
s426,congruent,807.8214285714286,1.0
s426,incongruent,879.1071428571429,1.0
s427,congruent,585.9661016949152,1.0
s427,incongruent,753.4545454545455,1.0
s428,congruent,815.9333333333333,1.0
s428,incongruent,830.4464285714286,1.0
s429,congruent,550.3928571428571,1.0
s429,incongruent,581.5,1.0
s430,congruent,811.421052631579,1.0
s430,incongruent,878.7407407407408,1.0
s431,congruent,797.9166666666666,1.0
s431,incongruent,888.2542372881356,1.0
s432,congruent,897.9310344827586,1.0
s432,incongruent,923.1320754716982,1.0
s433,congruent,608.2833333333333,1.0
s433,incongruent,705.6896551724138,1.0
s434,congruent,725.2203389830509,1.0
s434,incongruent,800.8076923076923,1.0
s435,congruent,683.7368421052631,1.0
s435,incongruent,773.8070175438596,1.0
s436,congruent,664.4,1.0
s436,incongruent,840.5932203389831,1.0
s438,congruent,617.5666666666667,1.0
s438,incongruent,772.1864406779661,1.0
s439,congruent,572.3,1.0
s439,incongruent,704.9152542372881,1.0
s440,congruent,734.0877192982456,1.0
s440,incongruent,806.2,1.0
s441,congruent,735.8275862068965,1.0
s441,incongruent,900.7931034482758,1.0
s443,congruent,842.7333333333333,1.0
s443,incongruent,933.8135593220339,1.0
s444,congruent,564.45,1.0
s444,incongruent,628.7118644067797,1.0
s445,congruent,662.4727272727273,1.0
s445,incongruent,701.2592592592592,1.0
s446,congruent,578.0,1.0
s446,incongruent,672.5689655172414,1.0
s447,congruent,610.7241379310345,1.0
s447,incongruent,763.7924528301887,1.0
s448,congruent,740.6271186440678,1.0
s448,incongruent,878.4655172413793,1.0
s449,congruent,708.3833333333333,1.0
s449,incongruent,848.0847457627119,1.0
s450,congruent,702.0847457627119,1.0
s450,incongruent,824.5762711864406,1.0
s451,congruent,654.7894736842105,1.0
s451,incongruent,711.2631578947369,1.0
s453,congruent,783.0,1.0
s453,incongruent,980.6666666666666,1.0
s454,congruent,632.0833333333334,1.0
s454,incongruent,1002.5714285714286,1.0
s455,congruent,613.2,1.0
s455,incongruent,817.4909090909091,1.0
s456,congruent,721.140350877193,1.0
s456,incongruent,809.1509433962265,1.0
s457,congruent,626.4166666666666,1.0
s457,incongruent,684.7627118644068,1.0
s458,congruent,577.3728813559322,1.0
s458,incongruent,733.859649122807,1.0
s459,congruent,613.8983050847457,1.0
s459,incongruent,884.2222222222222,1.0
s460,congruent,685.5762711864406,1.0
s460,incongruent,709.1929824561404,1.0
s461,congruent,761.3103448275862,1.0
s461,incongruent,905.4655172413793,1.0
s462,congruent,720.8965517241379,1.0
s462,incongruent,859.5918367346939,1.0
s463,congruent,667.1186440677966,1.0
s463,incongruent,808.4736842105264,1.0
s464,congruent,696.6607142857143,1.0
s464,incongruent,817.14,1.0
s465,congruent,827.4074074074074,1.0
s465,incongruent,1060.2608695652175,1.0
s466,congruent,824.0350877192982,1.0
s466,incongruent,921.0526315789474,1.0
s467,congruent,616.3050847457627,1.0
s467,incongruent,789.0689655172414,1.0
s468,congruent,668.4827586206897,1.0
s468,incongruent,778.6206896551724,1.0
s469,congruent,671.6779661016949,1.0
s469,incongruent,831.8305084745763,1.0
s470,congruent,614.25,1.0
s470,incongruent,708.1694915254237,1.0
s471,congruent,766.0666666666667,1.0
s471,incongruent,1032.591836734694,1.0
s472,congruent,628.1578947368421,1.0
s472,incongruent,814.7818181818182,1.0
s473,congruent,627.0166666666667,1.0
s473,incongruent,789.0877192982456,1.0
s474,congruent,686.4406779661017,1.0
s474,incongruent,783.566037735849,1.0
s475,congruent,723.0350877192982,1.0
s475,incongruent,862.25,1.0
s476,congruent,758.9666666666667,1.0
s476,incongruent,879.1666666666666,1.0
s477,congruent,556.271186440678,1.0
s477,incongruent,586.0333333333333,1.0
s478,congruent,712.0333333333333,1.0
s478,incongruent,967.42,1.0
s479,congruent,679.6949152542373,1.0
s479,incongruent,758.7333333333333,1.0
s480,congruent,714.1833333333333,1.0
s480,incongruent,864.5555555555555,1.0
s481,congruent,737.1379310344828,1.0
s481,incongruent,832.5636363636364,1.0
s482,congruent,636.2033898305085,1.0
s482,incongruent,757.0701754385965,1.0
s483,congruent,587.125,1.0
s483,incongruent,685.9622641509434,1.0
s484,congruent,786.9272727272727,1.0
s484,incongruent,885.2941176470588,1.0
s485,congruent,792.2931034482758,1.0
s485,incongruent,886.6785714285714,1.0
s486,congruent,762.2033898305085,1.0
s486,incongruent,817.6440677966102,1.0
s488,congruent,900.4117647058823,1.0
s488,incongruent,1143.4418604651162,1.0
s489,congruent,867.2203389830509,1.0
s489,incongruent,963.6851851851852,1.0
s490,congruent,680.2542372881356,1.0
s490,incongruent,747.0847457627119,1.0
s491,congruent,930.6428571428571,1.0
s491,incongruent,937.3396226415094,1.0
s492,congruent,661.3859649122807,1.0
s492,incongruent,724.4137931034483,1.0
s493,congruent,796.5593220338983,1.0
s493,incongruent,996.0566037735849,1.0
s494,congruent,697.4,1.0
s494,incongruent,798.9833333333333,1.0
s495,congruent,798.05,1.0
s495,incongruent,968.3333333333334,1.0
s496,congruent,573.8833333333333,1.0
s496,incongruent,669.7413793103449,1.0
s497,congruent,549.55,1.0
s497,incongruent,720.948275862069,1.0
s498,congruent,687.3508771929825,1.0
s498,incongruent,862.74,1.0
s499,congruent,630.8518518518518,1.0
s499,incongruent,823.82,1.0
s500,congruent,696.8813559322034,1.0
s500,incongruent,771.9137931034483,1.0
s501,congruent,635.9830508474577,1.0
s501,incongruent,717.9655172413793,1.0
s502,congruent,609.2033898305085,1.0
s502,incongruent,756.1525423728814,1.0
s503,congruent,732.05,1.0
s503,incongruent,887.2542372881356,1.0
s504,congruent,579.8421052631579,1.0
s504,incongruent,611.4464285714286,1.0
s505,congruent,675.1016949152543,1.0
s505,incongruent,823.3508771929825,1.0
s506,congruent,890.55,1.0
s506,incongruent,1034.1914893617022,1.0
s507,congruent,599.0666666666667,1.0
s507,incongruent,777.4406779661017,1.0
s508,congruent,841.4310344827586,1.0
s508,incongruent,878.3620689655172,1.0
s509,congruent,618.7666666666667,1.0
s509,incongruent,737.6842105263158,1.0
s510,congruent,600.3728813559322,1.0
s510,incongruent,757.5263157894736,1.0
s511,congruent,637.9666666666667,1.0
s511,incongruent,796.4181818181818,1.0
s512,congruent,592.2,1.0
s512,incongruent,701.6724137931035,1.0
s513,congruent,1055.6379310344828,1.0
s513,incongruent,1204.2083333333333,1.0
s514,congruent,488.0689655172414,1.0
s514,incongruent,531.5636363636364,1.0
s515,congruent,666.7833333333333,1.0
s515,incongruent,781.3050847457627,1.0
s516,congruent,811.5,1.0
s516,incongruent,904.7894736842105,1.0
s517,congruent,773.3157894736842,1.0
s517,incongruent,915.3818181818182,1.0
s520,congruent,518.6379310344828,1.0
s520,incongruent,594.2413793103449,1.0
s521,congruent,731.8928571428571,1.0
s521,incongruent,921.9285714285714,1.0
s522,congruent,488.96610169491527,1.0
s522,incongruent,606.1724137931035,1.0
s523,congruent,821.1833333333333,1.0
s523,incongruent,1052.7924528301887,1.0
s524,congruent,809.5192307692307,1.0
s524,incongruent,998.1315789473684,1.0
s526,congruent,663.7368421052631,1.0
s526,incongruent,722.3928571428571,1.0
s527,congruent,533.8666666666667,1.0
s527,incongruent,612.3518518518518,1.0
s528,congruent,781.6206896551724,1.0
s528,incongruent,902.9215686274509,1.0
s529,congruent,624.35,1.0
s529,incongruent,751.7719298245614,1.0
s531,congruent,848.05,1.0
s531,incongruent,924.2586206896551,1.0
s533,congruent,563.9666666666667,1.0
s533,incongruent,716.8275862068965,1.0
s534,congruent,796.9830508474577,1.0
s534,incongruent,1001.1525423728814,1.0
s535,congruent,809.5185185185185,1.0
s535,incongruent,967.4117647058823,1.0
s538,congruent,748.4406779661017,1.0
s538,incongruent,860.140350877193,1.0
s539,congruent,599.9322033898305,1.0
s539,incongruent,656.6481481481482,1.0
s541,congruent,857.35,1.0
s541,incongruent,934.074074074074,1.0
s542,congruent,593.1186440677966,1.0
s542,incongruent,727.9019607843137,1.0
s543,congruent,736.051724137931,1.0
s543,incongruent,878.8644067796611,1.0
s544,congruent,850.7407407407408,1.0
s544,incongruent,914.25,1.0
s545,congruent,712.9491525423729,1.0
s545,incongruent,827.4528301886793,1.0
s546,congruent,710.5593220338983,1.0
s546,incongruent,848.9444444444445,1.0
s548,congruent,579.9122807017544,1.0
s548,incongruent,665.2105263157895,1.0
s549,congruent,609.4827586206897,1.0
s549,incongruent,682.8947368421053,1.0
s550,congruent,852.1551724137931,1.0
s550,incongruent,829.4827586206897,1.0
s551,congruent,630.3793103448276,1.0
s551,incongruent,722.8727272727273,1.0
s552,congruent,649.9074074074074,1.0
s552,incongruent,770.0425531914893,1.0
s553,congruent,607.1864406779661,1.0
s553,incongruent,672.3333333333334,1.0
s554,congruent,635.1355932203389,1.0
s554,incongruent,828.5769230769231,1.0
s556,congruent,905.3703703703703,1.0
s556,incongruent,1086.5454545454545,1.0
s557,congruent,666.625,1.0
s557,incongruent,786.0869565217391,1.0
s559,congruent,682.2372881355932,1.0
s559,incongruent,886.2941176470588,1.0
s560,congruent,747.2203389830509,1.0
s560,incongruent,937.1724137931035,1.0
